-- 1. GoalType (건강 목표 종류)
INSERT INTO goal_type (goal_type_category, goal_type_name) VALUES
                                                               ('체중관련', '체중감소'),
                                                               ('체중관련', '체중유지'),
                                                               ('체중관련', '체중증가'),
                                                               ('성장/재활', '성장발달'),
                                                               ('성장/재활', '재활치료'),
                                                               ('영양/소화', '영양보충'),
                                                               ('영양/소화', '소화개선'),
                                                               ('면역/질병 예방', '면역력강화'),
                                                               ('면역/질병 예방', '질병예방');

-- 2. AgeGroup (연령대)
INSERT INTO age_group (age_group_name) VALUES
                                           ('유아'),
                                           ('어린이'),
                                           ('청소년'),
                                           ('성인'),
                                           ('고령자');

-- 3. Ingredient (식재료)
INSERT INTO ingredient (ingredient_id, ingredient_name, ingredient_type, ingredient_origin, expiry_date, storage_method)
VALUES
    (1, '고구마', '식량작물', '국내산', '2025-12-31', '상온보관'),
    (2, '닭가슴살', '축산물', '국내산', '2025-11-15', '냉장보관'),
    (3, '된장', '발효식품', '국내산', '2025-12-01', '냉장보관'),
    (4, '두부', '가공식품', '국내산', '2025-11-01', '냉장보관'),
    (5, '감자', '식량작물', '국내산', '2025-10-01', '상온보관'),
    (6, '브로콜리', '유제품', '국내산', '2025-08-22', '냉동보관'),
    (7, '계란', '채소', '국내산', '2025-10-06', '냉장보관'),
    (8, '오이', '유제품', '국내산', '2025-08-08', '냉동보관'),
    (9, '토마토', '육류', '국내산', '2025-08-29', '냉장보관'),
    (10, '양파', '과일', '국내산', '2025-08-17', '냉동보관'),
    (11, '당근', '육류', '국내산', '2025-08-29', '상온보관'),
    (12, '우유', '과일', '국내산', '2025-10-10', '냉동보관'),
    (13, '치즈', '유제품', '국내산', '2025-07-25', '냉동보관'),
    (14, '돼지고기', '채소', '국내산', '2025-10-19', '냉동보관'),
    (15, '양배추', '육류', '국내산', '2025-09-11', '상온보관');

-- 4. Member (회원)
INSERT INTO member (email, password, name, birthday, phone) VALUES
                                                                ('admin@gmail.com', '123', '관리자', '1999-12-25', '010-0000-0000'),
                                                                ('user1@gmail.com', '1234', '유저1', '2001-01-01', '010-1111-1111'),
                                                                ('user2@gmail.com', '12345', '유저2', '2002-02-02', '010-2222-2222');

-- 5. Member Roles
INSERT INTO member_roles (member_member_id, roles) VALUES
                                                       (1, 'USER'),
                                                       (1, 'ADMIN'),
                                                       (2, 'USER'),
                                                       (3, 'USER');

-- 6. Food (음식)
INSERT INTO food (food_id, food_name, food_category, food_image_url, food_create_date) VALUES
                                                                            (1, '닭가슴살 샐러드', '샐러드/디저트','No.1.png', '2025-04-21'),
                                                                            (2, '된장찌개', '국/탕/찌개', 'No.2.png', '2025-04-21'),
                                                                            (3, '고구마 구이', '구황작물', 'No.3.png', '2025-04-21'),
                                                                            (4, '삼계탕', '국/탕/찌개','No.4.png', '2025-04-21'),
                                                                            (5, '잡곡밥','밥', 'No.5.png', '2025-04-21'),
                                                                            (6, '소고기 미역국', '국/탕/찌개','No.6.png', '2025-04-21'),
                                                                            (7, '시금치나물','메인요리/반찬' ,'No.7.png', '2025-04-21'),
                                                                            (8, '연어 스테이크', '육류','No.8.png', '2025-04-21'),
                                                                            (9, '카레라이스', '밥','No.9.png', '2025-04-21'),
                                                                            (10, '계란찜', '메인요리/반찬','No.10.png', '2025-04-21'),
                                                                            (11, '버섯볶음', '메인요리/반찬','No.11.png', '2025-04-21'),
                                                                            (12, '단호박죽', '국/탕/찌개','No.12.png', '2025-04-21'),
                                                                            (13, '콩나물국', '국/탕/찌개','No.13.png', '2025-04-21'),
                                                                            (14, '불고기','육류', 'No.14.png', '2025-04-21'),
                                                                            (15, '토마토파스타', '면','No.15.png', '2025-04-21');

-- 7. FoodIngredient
INSERT INTO food_ingredient (food_id, ingredient_id) VALUES
                                                         (1, 2),
                                                         (2, 3),
                                                         (2, 4),
                                                         (3, 1),
                                                         (4, 2),
                                                         (4, 4),
                                                         (5, 1),
                                                         (6, 3),
                                                         (6, 4),
                                                         (7, 4),
                                                         (8, 2),
                                                         (9, 1),
                                                         (9, 3),
                                                         (10, 2),
                                                         (11, 4),
                                                         (12, 1),
                                                         (13, 3),
                                                         (14, 2),
                                                         (14, 4),
                                                         (15, 9),
                                                         (15, 10);


-- 8. AgeGroupFood
INSERT INTO age_group_food (age_group_id, food_id) VALUES
                                                       (1, 1),  -- 유아 + 음식 1
                                                       (2, 1),  -- 청소년 + 음식 1
                                                       (3, 2),  -- 성인 + 음식 2
                                                       (4, 2),  -- 노인 + 음식 2
                                                       (2, 3),  -- 청소년 + 음식 3
                                                       (3, 4),  -- 성인 + 음식 4
                                                       (4, 5),  -- 노인 + 음식 5
                                                       (3, 5),  -- 성인 + 음식 5
                                                       (2, 6),  -- 청소년 + 음식 6
                                                       (1, 7),  -- 유아 + 음식 7
                                                       (3, 8),  -- 성인 + 음식 8
                                                       (4, 9),  -- 노인 + 음식 9
                                                       (2, 10), -- 청소년 + 음식 10
                                                       (3, 11), -- 성인 + 음식 11
                                                       (1, 12), -- 유아 + 음식 12
                                                       (4, 12), -- 노인 + 음식 12
                                                       (2, 13), -- 청소년 + 음식 13
                                                       (3, 13), -- 성인 + 음식 13
                                                       (1, 11), -- 유아 + 음식 11
                                                       (3, 12); -- 성인 + 음식 12


-- 9. Target
INSERT INTO target (age_group_id, goal_type_id, target_status) VALUES
                                                                   (5, 3, 'TARGET_REGISTERED'),
                                                                   (5, 9, 'TARGET_REGISTERED'),
                                                                   (1, 1, 'TARGET_REGISTERED'),
                                                                   (2, 7, 'TARGET_REGISTERED'),
                                                                   (2, 5, 'TARGET_REGISTERED'),
                                                                   (5, 6, 'TARGET_REGISTERED'),
                                                                   (1, 2, 'TARGET_REGISTERED'),
                                                                   (3, 3, 'TARGET_REGISTERED'),
                                                                   (3, 1, 'TARGET_REGISTERED'),
                                                                   (2, 7, 'TARGET_REGISTERED');




-- 10. MemberTarget
INSERT INTO member_target (member_id, target_id) VALUES
                                                     (2, 1),
                                                     (3, 2),
                                                     (1, 3),
                                                     (2, 4),
                                                     (3, 5),
                                                     (1, 6),
                                                     (2, 7),
                                                     (3, 8),
                                                     (1, 9),
                                                     (2, 10);

-- 11. FoodRecommend
INSERT INTO food_recommend (food_id, goal_type_id, effect, reason) VALUES
                                                                       (1, 1, '체중감소', '고단백 샐러드'),
                                                                       (2, 8, '항산화 강화', '전통 발효 음식인 된장 사용'),
                                                                       (3, 4, '식욕증진', '식이섬유 풍부'),
                                                                       (4, 5, '재활 효과', '소화가 잘 되는 음식'),
                                                                       (5, 6, '영양 보충', '잡곡의 균형 잡힌 영양소'),
                                                                       (6, 8, '면역력 강화', '소고기 단백질과 미역의 미네랄'),
                                                                       (7, 4, '성장 도움', '비타민 A 풍부한 시금치'),
                                                                       (8, 1, '체중감소', '고단백 연어'),
                                                                       (9, 3, '체중증가', '탄수화물과 단백질 조합'),
                                                                       (10, 7, '소화 개선', '부드러운 계란찜'),
                                                                       (11, 6, '영양 보충', '비타민 D 풍부한 버섯'),
                                                                       (12, 5, '재활 도움', '당분과 영양 풍부한 단호박'),
                                                                       (13, 8, '질병 예방', '면역력 강화에 좋은 콩나물'),
                                                                       (14, 2, '체중유지', '적당한 열량과 단백질의 불고기'),
                                                                       (15, 7, '소화 개선', '토마토와 채소의 소화 촉진 효과');

-- 12. FoodLike
INSERT INTO food_like (member_id, food_id, like_count, like_date) VALUES
                                                                      (1, 1, 30, '2025-04-01'),
                                                                      (2, 2, 400, '2025-01-10'),
                                                                      (3, 3, 600, '2025-04-17'),
                                                                      (1, 4, 123, '2025-04-21'),
                                                                      (2, 5, 32, '2025-04-21'),
                                                                      (3, 6, 88, '2025-04-21'),
                                                                      (1, 7, 12, '2025-04-21'),
                                                                      (2, 8, 260, '2025-04-21'),
                                                                      (3, 9, 95, '2025-04-21'),
                                                                      (1, 10, 130, '2025-04-21'),
                                                                      (2, 11, 30, '2025-04-21'),
                                                                      (3, 12, 67, '2025-04-21'),
                                                                      (1, 13, 79, '2025-04-21'),
                                                                      (1, 14, 102, '2025-04-25'),
                                                                      (2, 15, 56, '2025-04-25');

-- 13. FoodView
INSERT INTO food_view (member_id, food_id, food_view_count) VALUES
                                                                (1, 1, 123),
                                                                (2, 2, 444),
                                                                (3, 3, 222),
                                                                (1, 4, 150),
                                                                (2, 5, 90),
                                                                (3, 6, 200),
                                                                (1, 7, 70),
                                                                (2, 8, 210),
                                                                (3, 9, 180),
                                                                (1, 10, 160),
                                                                (2, 11, 65),
                                                                (3, 12, 120),
                                                                (1, 13, 135),
                                                                (3, 14, 140),
                                                                (1, 15, 88);

-- 14. IngredientAnalysis
INSERT INTO ingredient_analysis (ingredient_id, nutrient_name, amount, daily_percentage) VALUES
                                                                                             (1, '칼로리', '14mg', 0.0),
                                                                                             (1, '탄수화물', '145kcal', 44.8),
                                                                                             (1, '단백질', '85mg', 0.1),
                                                                                             (1, '지방', '14kcal', 20.0),
                                                                                             (1, '비타민', '102mg', 0.1),
                                                                                             (1, '미네랄', '141%', 0),
                                                                                             (1, '수분', '148kcal', 7.4),
                                                                                             (1, '섬유질', '117g', 468.0),
                                                                                             (2, '칼로리', '215g', 8.6),
                                                                                             (2, '탄수화물', '52kcal', 16.0),
                                                                                             (2, '단백질', '44mg', 0.1),
                                                                                             (2, '지방', '122%', 0),
                                                                                             (2, '비타민', '208mg', 0.2),
                                                                                             (2, '미네랄', '56kcal', 56.0),
                                                                                             (2, '수분', '200mg', 0.0),
                                                                                             (2, '섬유질', '57%', 0),
                                                                                             (3, '칼로리', '226%', 0),
                                                                                             (3, '탄수화물', '299%', 0),
                                                                                             (3, '단백질', '100%', 0),
                                                                                             (3, '지방', '299%', 0),
                                                                                             (3, '비타민', '206kcal', 206.0),
                                                                                             (3, '미네랄', '191%', 0),
                                                                                             (3, '수분', '167mg', 0.0),
                                                                                             (3, '섬유질', '23%', 0),
                                                                                             (4, '칼로리', '78kcal', 3.1),
                                                                                             (4, '탄수화물', '254mg', 0.1),
                                                                                             (4, '단백질', '183%', 0),
                                                                                             (4, '지방', '276g', 394.3),
                                                                                             (4, '비타민', '33g', 33.0),
                                                                                             (4, '미네랄', '280kcal', 280.0),
                                                                                             (4, '수분', '213mg', 0.0),
                                                                                             (4, '섬유질', '281%', 0),
                                                                                             (5, '칼로리', '87kcal', 3.5),
                                                                                             (5, '탄수화물', '228kcal', 70.4),
                                                                                             (5, '단백질', '195%', 0),
                                                                                             (5, '지방', '192mg', 0.3),
                                                                                             (5, '비타민', '291%', 0),
                                                                                             (5, '미네랄', '133kcal', 133.0),
                                                                                             (5, '수분', '94mg', 0.0),
                                                                                             (5, '섬유질', '151mg', 0.6),
                                                                                             (6, '칼로리', '250g', 10.0),
                                                                                             (6, '탄수화물', '184kcal', 56.8),
                                                                                             (6, '단백질', '278%', 0),
                                                                                             (6, '지방', '145g', 207.1),
                                                                                             (6, '비타민', '194%', 0),
                                                                                             (6, '미네랄', '271%', 0),
                                                                                             (6, '수분', '54mg', 0.0),
                                                                                             (6, '섬유질', '17%', 0),
                                                                                             (7, '칼로리', '54%', 0),
                                                                                             (7, '탄수화물', '224mg', 0.1),
                                                                                             (7, '단백질', '192g', 304.8),
                                                                                             (7, '지방', '56kcal', 80.0),
                                                                                             (7, '비타민', '177%', 0),
                                                                                             (7, '미네랄', '200kcal', 200.0),
                                                                                             (7, '수분', '178kcal', 8.9),
                                                                                             (7, '섬유질', '299%', 0),
                                                                                             (8, '칼로리', '54mg', 0.0),
                                                                                             (8, '탄수화물', '22%', 0),
                                                                                             (8, '단백질', '242kcal', 384.1),
                                                                                             (8, '지방', '285kcal', 407.1),
                                                                                             (8, '비타민', '43%', 0),
                                                                                             (8, '미네랄', '107g', 107.0),
                                                                                             (8, '수분', '181g', 9.0),
                                                                                             (8, '섬유질', '186g', 744.0),
                                                                                             (9, '칼로리', '123%', 0),
                                                                                             (9, '탄수화물', '276%', 0),
                                                                                             (9, '단백질', '37%', 0),
                                                                                             (9, '지방', '199g', 284.3),
                                                                                             (9, '비타민', '148%', 0),
                                                                                             (9, '미네랄', '154g', 154.0),
                                                                                             (9, '수분', '122g', 6.1),
                                                                                             (9, '섬유질', '298g', 1192.0),
                                                                                             (10, '칼로리', '88g', 3.5),
                                                                                             (10, '탄수화물', '193kcal', 59.6),
                                                                                             (10, '단백질', '136mg', 0.2),
                                                                                             (10, '지방', '127kcal', 181.4),
                                                                                             (10, '비타민', '229kcal', 229.0),
                                                                                             (10, '미네랄', '37%', 0),
                                                                                             (10, '수분', '21g', 1.1),
                                                                                             (10, '섬유질', '168%', 0),
                                                                                             (11, '칼로리', '61mg', 0.0),
                                                                                             (11, '탄수화물', '113kcal', 34.9),
                                                                                             (11, '단백질', '232g', 368.3),
                                                                                             (11, '지방', '300mg', 0.4),
                                                                                             (11, '비타민', '176kcal', 176.0),
                                                                                             (11, '미네랄', '214kcal', 214.0),
                                                                                             (11, '수분', '227%', 0),
                                                                                             (11, '섬유질', '234g', 936.0),
                                                                                             (12, '칼로리', '204mg', 0.0),
                                                                                             (12, '탄수화물', '79mg', 0.0),
                                                                                             (12, '단백질', '296kcal', 469.8),
                                                                                             (12, '지방', '268mg', 0.4),
                                                                                             (12, '비타민', '264kcal', 264.0),
                                                                                             (12, '미네랄', '184mg', 0.2),
                                                                                             (12, '수분', '284g', 14.2),
                                                                                             (12, '섬유질', '146kcal', 584.0),
                                                                                             (13, '칼로리', '207kcal', 8.3),
                                                                                             (13, '탄수화물', '124g', 38.3),
                                                                                             (13, '단백질', '174g', 276.2),
                                                                                             (13, '지방', '143%', 0),
                                                                                             (13, '비타민', '183kcal', 183.0),
                                                                                             (13, '미네랄', '216mg', 0.2),
                                                                                             (13, '수분', '270mg', 0.0),
                                                                                             (13, '섬유질', '164kcal', 656.0),
                                                                                             (14, '칼로리', '239kcal', 9.6),
                                                                                             (14, '탄수화물', '57%', 0),
                                                                                             (14, '단백질', '129g', 204.8),
                                                                                             (14, '지방', '242%', 0),
                                                                                             (14, '비타민', '124g', 124.0),
                                                                                             (14, '미네랄', '232%', 0),
                                                                                             (14, '수분', '271kcal', 13.6),
                                                                                             (14, '섬유질', '136kcal', 544.0),
                                                                                             (15, '칼로리', '172%', 0),
                                                                                             (15, '탄수화물', '138mg', 0.0),
                                                                                             (15, '단백질', '134%', 0),
                                                                                             (15, '지방', '252g', 360.0),
                                                                                             (15, '비타민', '232kcal', 232.0),
                                                                                             (15, '미네랄', '69g', 69.0),
                                                                                             (15, '수분', '209kcal', 10.4),
                                                                                             (15, '섬유질', '43mg', 0.2);
-- 15. Recipe (food_id, difficulty, totalCookingTime)
INSERT INTO recipe (food_id, difficulty, total_cooking_time) VALUES
                                                                 (1, 'DIFFICULTY_LEVEL_ONE', '20분'),
                                                                 (2, 'DIFFICULTY_LEVEL_TWO', '60분'),
                                                                 (3, 'DIFFICULTY_LEVEL_ONE', '30분'),
                                                                 (4, 'DIFFICULTY_LEVEL_ONE', '30분'),
                                                                 (5, 'DIFFICULTY_LEVEL_ONE', '10분'),
                                                                 (6, 'DIFFICULTY_LEVEL_TWO', '60분'),
                                                                 (7, 'DIFFICULTY_LEVEL_ONE', '15분'),
                                                                 (8, 'DIFFICULTY_LEVEL_THREE', '40분'),
                                                                 (9, 'DIFFICULTY_LEVEL_TWO', '45분'),
                                                                 (10, 'DIFFICULTY_LEVEL_ONE', '10분'),
                                                                 (11, 'DIFFICULTY_LEVEL_ONE', '15분'),
                                                                 (12, 'DIFFICULTY_LEVEL_TWO', '25분'),
                                                                 (13, 'DIFFICULTY_LEVEL_ONE', '20분'),
                                                                 (14, 'DIFFICULTY_LEVEL_TWO', '35분'),
                                                                 (15, 'DIFFICULTY_LEVEL_THREE', '50분');

-- 16. RecipeProcess (recipe_id, step, instruction, cooktime)
INSERT INTO recipe_process (recipe_id, step, instruction, cooktime) VALUES
                                                                        (1, 1, '재료를 넣고 익힌다.', 15),
                                                                        (1, 2, '간을 맞춘다.', 15),
                                                                        (1, 3, '끓인다.', 10),
                                                                        (2, 1, '접시에 담아낸다.', 19),
                                                                        (2, 2, '재료를 손질한다.', 20),
                                                                        (2, 3, '섞는다.', 9),
                                                                        (3, 1, '굽는다.', 13),
                                                                        (3, 2, '물을 끓인다.', 13),
                                                                        (3, 3, '재료를 넣고 익힌다.', 8),
                                                                        (4, 1, '재료를 손질한다.', 8),
                                                                        (4, 2, '굽는다.', 17),
                                                                        (4, 3, '접시에 담아낸다.', 12),
                                                                        (5, 1, '간을 맞춘다.', 8),
                                                                        (5, 2, '끓인다.', 16),
                                                                        (5, 3, '끓인다.', 11),
                                                                        (6, 1, '끓인다.', 16),
                                                                        (6, 2, '재료를 손질한다.', 8),
                                                                        (6, 3, '물을 끓인다.', 9),
                                                                        (7, 1, '재료를 넣고 익힌다.', 12),
                                                                        (7, 2, '재료를 손질한다.', 9),
                                                                        (7, 3, '끓인다.', 17),
                                                                        (8, 1, '굽는다.', 17),
                                                                        (8, 2, '물을 끓인다.', 19),
                                                                        (8, 3, '재료를 넣고 익힌다.', 16),
                                                                        (9, 1, '접시에 담아낸다.', 16),
                                                                        (9, 2, '끓인다.', 8),
                                                                        (9, 3, '굽는다.', 9),
                                                                        (10, 1, '끓인다.', 5),
                                                                        (10, 2, '물을 끓인다.', 19),
                                                                        (10, 3, '물을 끓인다.', 14),
                                                                        (11, 1, '간을 맞춘다.', 10),
                                                                        (11, 2, '접시에 담아낸다.', 12),
                                                                        (11, 3, '물을 끓인다.', 7),
                                                                        (12, 1, '끓인다.', 15),
                                                                        (12, 2, '섞는다.', 11),
                                                                        (12, 3, '접시에 담아낸다.', 13),
                                                                        (13, 1, '물을 끓인다.', 5),
                                                                        (13, 2, '굽는다.', 8),
                                                                        (13, 3, '간을 맞춘다.', 18),
                                                                        (14, 1, '고기를 손질한다.', 10),
                                                                        (14, 2, '양념에 재운다.', 15),
                                                                        (14, 3, '구워서 마무리한다.', 10),
                                                                        (15, 1, '파스타를 삶는다.', 12),
                                                                        (15, 2, '토마토 소스를 끓인다.', 15),
                                                                        (15, 3, '면과 소스를 섞는다.', 10);

-- 17. Review
INSERT INTO review (member_id, food_id, content, rating, review_create_date) VALUES
                                                                                 (2, 1, '자주 해먹고 있어요.', 4, '2025-04-11'),
                                                                                 (3, 1, '추천합니다.', 3, '2025-04-12'),
                                                                                 (3, 2, '조금 짰어요.', 5, '2025-04-12'),
                                                                                 (1, 2, '추천합니다.', 4, '2025-04-13'),
                                                                                 (1, 3, '조리법이 쉬워요.', 3, '2025-04-13'),
                                                                                 (2, 3, '재료 구하기 쉬워요.', 5, '2025-04-14'),
                                                                                 (2, 4, '추천합니다.', 3, '2025-04-14'),
                                                                                 (3, 4, '재료 구하기 쉬워요.', 5, '2025-04-15'),
                                                                                 (3, 5, '조리법이 쉬워요.', 3, '2025-04-15'),
                                                                                 (1, 5, '정말 맛있어요!', 4, '2025-04-16'),
                                                                                 (1, 6, '조리법이 쉬워요.', 5, '2025-04-16'),
                                                                                 (2, 6, '조금 짰어요.', 5, '2025-04-17'),
                                                                                 (2, 7, '재료 구하기 쉬워요.', 5, '2025-04-17'),
                                                                                 (3, 7, '추천합니다.', 3, '2025-04-18'),
                                                                                 (3, 8, '조리법이 쉬워요.', 5, '2025-04-18'),
                                                                                 (1, 8, '맛이 깔끔해요.', 4, '2025-04-19'),
                                                                                 (1, 9, '조리법이 쉬워요.', 4, '2025-04-19'),
                                                                                 (2, 9, '아이도 잘 먹어요.', 5, '2025-04-20'),
                                                                                 (2, 10, '다이어트에 좋아요.', 3, '2025-04-20'),
                                                                                 (3, 10, '맛이 깔끔해요.', 4, '2025-04-21'),
                                                                                 (3, 11, '맛이 깔끔해요.', 4, '2025-04-21'),
                                                                                 (1, 11, '재료 구하기 쉬워요.', 3, '2025-04-22'),
                                                                                 (1, 12, '건강한 느낌이에요.', 3, '2025-04-22'),
                                                                                 (2, 12, '정말 맛있어요!', 3, '2025-04-23'),
                                                                                 (2, 13, '자주 해먹고 있어요.', 5, '2025-04-23'),
                                                                                 (3, 13, '자주 해먹고 있어요.', 5, '2025-04-24'),
                                                                                 (3, 14, '아이도 잘 먹어요.', 5, '2025-04-24'),
                                                                                 (1, 14, '조금 짰어요.', 4, '2025-04-25'),
                                                                                 (2, 14, '고기가 부드럽고 맛있어요.', 5, '2025-04-26'),
                                                                                 (1, 15, '추천합니다.', 5, '2025-04-25'),
                                                                                 (2, 15, '조리법이 쉬워요.', 3, '2025-04-26'),
                                                                                 (3, 15, '이탈리안 분위기 제대로!', 4, '2025-04-26');

-- 18. IngredientMarket
INSERT INTO ingredient_market (ingredient_id, market_name, market_region, market_price, market_map) VALUES
                                                                                                        (1, '서울농수산시장', '서울특별시 송파구', 2500, 'https://maps.google.com/?q=서울농수산시장'),
                                                                                                        (2, '부산자갈치시장', '부산광역시 중구', 4200, 'https://maps.google.com/?q=부산자갈치시장'),
                                                                                                        (3, '대구칠성시장', '대구광역시 북구', 5500, 'https://maps.google.com/?q=대구칠성시장'),
                                                                                                        (4, '광주양동시장', '광주광역시 서구', 3800, 'https://maps.google.com/?q=광주양동시장'),
                                                                                                        (5, '대전중앙시장', '대전광역시 중구', 3100, 'https://maps.google.com/?q=대전중앙시장'),
                                                                                                        (6, '남대문시장', '부산', 1377, 'https://maps.google.com/?q=남대문시장'),
                                                                                                        (7, '부산국제시장', '대구', 1594, 'https://maps.google.com/?q=부산국제시장'),
                                                                                                        (8, '광주양동시장', '광주', 4319, 'https://maps.google.com/?q=광주양동시장'),
                                                                                                        (9, '대전중앙시장', '대전', 1983, 'https://maps.google.com/?q=대전중앙시장'),
                                                                                                        (10, '노량진수산시장', '서울', 3440, 'https://maps.google.com/?q=노량진수산시장'),
                                                                                                        (11, '남대문시장', '부산', 3351, 'https://maps.google.com/?q=남대문시장'),
                                                                                                        (12, '부산국제시장', '대구', 1908, 'https://maps.google.com/?q=부산국제시장'),
                                                                                                       (14, '대전중앙시장', '대전', 4280, 'https://maps.google.com/?q=대전중앙시장'),
                                                                                                        (15, '노량진수산시장', '서울', 2433, 'https://maps.google.com/?q=노량진수산시장');
